,brand,title,price
0,rightchoice,Small 20 L Backpack (2235) BLACK SKY BLUE WHITE stylish tuff quality college school casual bag boy & girl,₹360
1,Gear,Small 20 L Laptop Backpack CLASSIC ANTI THEFT FAUX LEATHER,"₹1,071"
2,PROVOGUE,Large 35 L Laptop Backpack Spacy unisex backpack with rain cover and reflective strip,₹888
3,METRONAUT,Medium 30 L Laptop Backpack Khadi Textured Hi storage,₹499
4,WESLEY,Large 45 L Laptop Backpack Unisex Travel hiking laptop bag fits upto 17.3 inch with Raincover and internal organiser backpack Rucksack College bag,₹798
5,MTROCRAFT,Medium 30 L Laptop Backpack Walker Office Backpack,₹540
6,METRONAUT,Medium 30 L Laptop Backpack Khadi Textured Hi storage,₹499
7,Pramadda Pure Luxury,Small 15 L Backpack Casual Backpack Outdoor Tourister Daypack |bagpacks college for boys college bags boys | women bag | ladies bags | school bags for girls boys | travel bags.,₹398
8,MTROCRAFT,Large 40 L Laptop Backpack Walker Backapck Red,₹540
9,RUGZAK,Large 35 L Laptop Backpack Waterproof expandable laptop bags (Grey),₹472
10,PROVOGUE,Large 35 L Laptop Backpack Spacy unisex backpack with rain cover and reflective strip,₹888
11,Prolific,"Medium 25 L Laptop Backpack STYLISH-25 LTR BACKPACK LAPTOP BACKPACK FOR 14 INCH LAPTOP AND NYLON WATER RESISTANCE BACKPACK WITH USB CHARGING PORT, IDEAL FOR SCHOOL, COLLEGE, OFFICE AND TRAVEL",₹495
12,urban carrier,Large 45 L Laptop Backpack Medium 45 Liters Laptop Backpack Multicolor Grey White Laptop Backpack Unisex College & School Bags,₹549
13,MTROCRAFT,Medium 30 L Laptop Backpack Walker Office Backpack,₹540
14,PROVOGUE,Large 35 L Laptop Backpack Spacy unisex backpack with rain cover and reflective strip,₹888
15,Gear,Medium 28 L Backpack Scuba Backpack with Raincover,₹979
16,Gearcop,Medium 30 L Laptop Backpack GRCPB0071,₹399
17,Flycraft,Medium 30 L Laptop Backpack simn.1361/2,₹499
18,WESLEY,Large 45 L Laptop Backpack Spartan Unisex Travel Rucksack hiking laptop bag fits upto 17.3 inch with Raincover and internal organiser backpack Rucksack College bag Laptop Backpack,₹798
19,Gear,Large 32 L Laptop Backpack Climber Business laptop Backpack,"₹1,190"
20,capriff,Large 31 L Laptop Backpack navy blue backpack casual unisex school bag collage bag travel backpack bag laptop backpack bag (31 liters),₹499
21,LOUIS CARON,Large 35 L Laptop Backpack HiStorage,₹629
22,NorthZone,Medium 25 L Laptop Backpack 17 inch,₹499
23,Gear,Medium 27 L Backpack ECO 6 Backpack with Raincover,₹849
24,Mi,Small 12 L Backpack Step Out 12 liters Water Repellent Backpack,₹349
25,PROVOGUE,Large 35 L Laptop Backpack Spacy unisex backpack with rain cover and reflective strip,₹888
26,Arctic fox,Small 15 L Backpack Black Drawstring Bag,₹167
27,Gear,Medium 28 L Laptop Backpack VINTAGE2 ANTI THEFT FAUX LEATHER,"₹1,079"
28,ADAMSON,"Medium 22 L Laptop Backpack Casual college, tution bag",₹299
29,NorthZone,Large 32 L Laptop Backpack orthzone Unisex 15.6 inch 25 L Casual Waterproof Laptop/Travel/Office/School/College/Business Bag/Backpack (Navy blue),₹569
30,urban carrier,Large 40 L Laptop Backpack medium backpack bags laptop travel bags school & college bags backpack handbags,₹549
31,Angel Star,Medium 25 L Laptop Backpack Laptop Bag stylish tuff quality college school casual bag boys & girl 25 L Laptop Backpack & watch (Black ),₹470
32,NorthZone,Large 32 L Laptop Backpack orthzone Unisex 15.6 inch 25 L Casual Waterproof Laptop/Travel/Office/School/College/Business Bag/Backpack (Navy blue),₹540
33,HP,15.6 L Laptop Backpack JDBAG00007,₹389
34,Gearcop,Medium 30 L Laptop Backpack GRCPB0071,₹399
35,HEROZ,Large 50 L Laptop Backpack Hacker,"₹1,459"
36,RUGZAK,Large 35 L Laptop Backpack Waterproof expandable laptop bags (Black),₹472
37,PROVOGUE,Large 35 L Laptop Backpack Unisex Blue Solid Large Laptop cum Backpack-CC-1,₹616
38,PROVOGUE,Large 35 L Laptop Backpack Spacy unisex backpack with rain cover and reflective strip,₹890
39,TRAWOC,"Large 45 L Laptop Backpack 45 L Travel Bag Backpack for Hiking Trekking Camping, Rucksack with Rain Cover and Shoe Compartment SHK019(Black ) 1 Year Warranty","₹1,995"
40,PROVOGUE,Large 40 L Laptop Backpack unisex backpack with rain cover and reflective strip,"₹1,399"
41,PROVOGUE,Large 35 L Laptop Backpack Spacy unisex backpack with rain cover and reflective strip,₹888
42,Addu,Large 35 L Laptop Backpack School Backpack|Office Bag|Trendy Backpack|Stylish Fashion Bag Daily Use For Men And Women|Tuition Backpack|Shoulder Backpack|Business Backpack|Work Backpack|Travel Backpack|Casual Backpack|College Backpack For Women|Waterresistant Backpack For Unisex,₹399
43,Gear,Large 32 L Laptop Backpack Climber Business laptop Backpack,"₹1,190"
44,urban carrier,Large 45 L Laptop Backpack Medium 45 Liters Laptop Backpack Royal Blue Laptop Backpack Unisex College & School Bags,₹549
45,SKYBAGS,Large 32 L Laptop Backpack NEW NEON 13 SCHOOL BAG (H) BLUE,₹849
46,METRONAUT,Large 35 L Laptop Backpack Stylish Unisex Backpack Casual Laptop Bag-Office Bag-School Bag And College Bag-Multipurpose Backpack,₹526
47,rightchoice,Small 20 L Backpack (2235) BLACK SKY BLUE WHITE stylish tuff quality college school casual bag boy & girl,₹360
48,PLAYYBAGS,Large 35 L Laptop Backpack PLAYY130,₹545
49,SKYBAGS,Medium 22 L Backpack RAGER 06,₹735
50,Wildcraft,Medium 30 L Backpack Spacy_Mel,"₹1,219"
51,Gear,Medium 27 L Backpack ECO 6 Backpack with Raincover,₹849
52,Goldstar,Medium 30 L Laptop Backpack 30 L Casual Waterproof Laptop Backpack/Office Bag/School Bag/College Bag/Business Bag/Unisex Travel Backpack (RED),₹480
53,SKYBAGS,Large 32 L Backpack Figo 04,₹899
54,LOUIS CARON,Large 35 L Laptop Backpack HiStorage,₹629
55,Pramadda Pure Luxury,Small 15 L Backpack Casual Backpack Outdoor Tourister Daypack |bagpacks college for boys college bags boys | women bag | ladies bags | school bags for girls boys | travel bags.,₹398
56,Mi,Medium 21 L Laptop Backpack Business Casual,₹999
57,ADAMSON,"Medium 22 L Laptop Backpack Casual college, tution bag",₹299
58,zendro,"Medium 22 L Laptop Backpack Medium 22 L Laptop Backpack stylish and tuff quality used for Casual, college and tution For- Boy's and Girl's",₹499
59,Gear,Small 18 L Laptop Backpack COMPACT BUSINESS LAPTOP BACKPACK,₹823
60,Gear,Medium 25 L Backpack BOMBER ECO STATEMENT 2C,₹599
61,NHQ FASHION,55 L Laptop Backpack 55 L Travel Backpack for Outdoor Sport Hiking Rucksuck,₹699
62,SKYBAGS,Large 31 L Backpack SB MARVEL (E) 06,"₹1,109"
63,Isparro,Large 35 L Laptop Backpack Stylish Light Weight Backpack,₹568
64,urban carrier,Large 45 L Laptop Backpack Indian Army Print Stylish Office Laptop Backpack Unisex College & School Bag,₹549
65,Fast Fashion,Medium 30 L Laptop Backpack ANTI THEFT FAUX LEATHER,₹499
66,PROVOGUE,Large 35 L Laptop Backpack Spacy unisex backpack with rain cover and reflective strip,₹888
67,HEROZ,Large 50 L Laptop Backpack Hacker,"₹1,459"
68,Flycraft,Medium 30 L Laptop Backpack simn.1538 black,₹499
69,Goldstar,Medium 28 L Laptop Backpack Medium 28 L Laptop Backpack 28 L Duralite Casual Backpack for Men Women | Laptop bagpack for Men Women | Multipurpose Daily Use Travel Bag Small Travelling Hiking Trekking Camping Sort Trips Beg | School College laptop waterproof Bags for Girls Boys | Small Travel Bag | Mini Rucksack | Gym Sports Football bags Dry Backpacks | 15.6 inch laptop backpack office men.,₹485
70,Arctic fox,Small 15 L Backpack Obsidian Drawstring Bag,₹167
71,Angel Star,Medium 25 L Laptop Backpack Laptop Bag stylish tuff quality college school casual bag boys & girl 25 L Laptop Backpack & watch (Black ),₹470
72,Gear,Medium 30 L Laptop Backpack Space 4,₹689
73,SKYBAGS,Large 32 L Backpack NEW NEON 18 SCHOOL BAG (H) BLUE,₹829
74,WROGN,Large 45 L Laptop Backpack HUSTLE 45 Pro with Reflective Logo and Rain Cover,"₹1,699"
75,Gear,Medium 28 L Backpack Scuba Backpack with Raincover,₹979
76,SEEBA,Medium 25 L Laptop Backpack Casual 15.6 inch Laptop Bag,₹419
77,perfect leather,Medium 25 L Laptop Backpack Trendy Backpack College school Trevel Causal Laptop carrying 1680 Men Bags backpack 25 L,₹424
78,SAFARI,Medium 26 L Backpack JERSEY 26L BLACK BACKPACK,₹959
79,Gear,Medium 28 L Laptop Backpack VINTAGE2 ANTI THEFT FAUX LEATHER,"₹1,079"
80,PROVOGUE,"Large 48 L Laptop Backpack Bingo -3 Compartment Premium Quality, Office/College/School Laptop Bag for upto 15.6” Laptop with internal organiser",₹899
81,Goldstar,Medium 28 L Laptop Backpack Medium 28 L Laptop Backpack 28 L Duralite Casual Backpack for Men Women | Laptop bagpack for Men Women | Multipurpose Daily Use Travel Bag Small Travelling Hiking Trekking Camping Sort Trips Beg | School College laptop waterproof Bags for Girls Boys | Small Travel Bag | Mini Rucksack | Gym Sports Football bags Dry Backpacks | 15.6 inch laptop backpack office men.,₹485
82,SKYBAGS,Large 33 L Laptop Backpack Herios Plus 04 Black,"₹1,500"
83,Ransel,"Medium 30 L Laptop Backpack STYLISH-30 LTR BACKPACK LAPTOP BACKPACK FOR 15.4 INCH LAPTOP WATER PROOF BACKPACK, IDEAL FOR SCHOOL, COLLEGE, OFFICE AND TRAVEL 30 L Backpack",₹495
84,MTROCRAFT,Medium 30 L Laptop Backpack MATRIX,₹449
85,Tracker,"Large 45 L Laptop Backpack Travel Laptop Backpack [Water Resistant] Slim Durable College School Computer Bookbag tracking for Women, Men, Girls, Boys Outdoor Camping&Fits Up to 17.3-inch laptop (Notebook)","₹1,310"
86,HALLSTEIN,Large 32 L Laptop Backpack Black Red polyester 32 LTR Casual/School/College Backpack For Men & Women,₹325
87,rightchoice,Small 20 L Backpack (2235) BLACK SKY BLUE WHITE stylish tuff quality college school casual bag boy & girl,₹360
88,Tracker,"Large 45 L Laptop Backpack Travel Laptop Backpack [Water Resistant] Slim Durable College School Computer Bookbag tracking for Women, Men, Girls, Boys Outdoor Camping&Fits Up to 17.3-inch laptop (Notebook)","₹1,310"
89,Pro Life,Medium 30 L Laptop Backpack Style Star,₹484
90,Gear,Medium 28 L Laptop Backpack VINTAGE2 ANTI THEFT FAUX LEATHER,"₹1,079"
91,Pramadda Pure Luxury,Small 15 L Backpack Casual Backpack Outdoor Tourister Daypack |bagpacks college for boys college bags boys | women bag | ladies bags | school bags for girls boys | travel bags.,₹398
92,Gear,Small 16 L Backpack Carry On,₹260
93,Lunar,"Large 48 L Laptop Backpack Bingo -3 Compartment Premium Quality, Office/College/School Laptop Bag for upto 15.6” Laptop with internal organiser",₹899
94,RUGZAK,Large 35 L Laptop Backpack Waterproof expandable laptop bags (Teal blue),₹472
95,Isparro,Large 35 L Laptop Backpack Stylish Light Weight Backpack,₹568
96,ADAMSON,"Medium 22 L Backpack college bag for men,women",₹299
97,urban carrier,Large 45 L Laptop Backpack Medium 45 Liters Laptop Backpack Light Blue White Laptop Backpack Unisex College & School Bags,₹549
98,PLAYYBAGS,Large 35 L Laptop Backpack 102,₹545
99,Gear,Small 20 L Laptop Backpack CLASSIC ANTI THEFT FAUX LEATHER,"₹1,071"
100,SAFARI,Medium 29 L Laptop Backpack SPREEUSB 19 CASUAL BACKPACK GREY,₹959
101,PROVOGUE,Large 45 L Laptop Backpack JERSEY,"₹1,049"
102,SKYBAGS,21.65 L Backpack BRAT,₹739
103,Angel Star,Medium 25 L Laptop Backpack Laptop Bag stylish tuff quality college school casual bag boys & girl 25 L Laptop Backpack & watch (Black ),₹470
104,SKYBAGS,Medium 30 L Laptop Backpack Campus Plus 03,"₹1,609"
105,MegaStar,Large 45 L Laptop Backpack Ultimate 45L Premium Quality Hi Storage Travel Laptop Backpack With IPX4 Water Resistant And Up To 17.3 Inch Laptop With Rain Cover And Internal Organiser For Office/School/College/Travel,"₹1,299"
106,Wildcraft,17.5 L Laptop Backpack Knight W,₹839
107,Gear,Medium 28 L Backpack Scuba Backpack with Raincover,₹979
108,Wildcraft,Medium 30 L Laptop Backpack Seek,"₹1,091"
109,PROVOGUE,Large 35 L Laptop Backpack Spacy unisex backpack with rain cover and reflective strip,₹840
110,Lunar,"Large 35 L Laptop Backpack High Quality 30L Laptop Bag upto 15.6"" Laptop with Rain Cover and Internal Organiser for Office/School/College/Travel",₹849
111,Gear,Large 32 L Laptop Backpack Climber Business laptop Backpack,"₹1,190"
112,Wildcraft,Large 43 L Laptop Backpack Daredevil,"₹1,309"
113,HP,15.6 L Backpack 15.6odyssey grey green back pack,"₹1,420"
114,PROVOGUE,Large 35 L Laptop Backpack unisex backpack with rain cover and reflective strip,₹888
115,Gear,Medium 27 L Backpack ECO 6 Backpack with Raincover,₹849
116,AMERICAN TOURISTER,32.5 L Backpack Fizz Sch Bag,"₹1,307"
117,Carriway,Medium 30 L Laptop Backpack Storm Buster CRW10,₹599
118,YNA,Medium 30 L Laptop Backpack Smart Anti Theft Backpack Waterproof Bagpack,₹849
119,HEROZ,Large 50 L Laptop Backpack Hacker,"₹1,459"
